Workbook

Sheet Đăng nhập
A1: Build Version
A2: TC
B3: Last Test Results | E3: Tester: Anh
A4: Total Test case | B4: =COUNTIFS(A10:A237,"TC*") -> 10
A5: Passed | B5: =COUNTIF(H10:H237,"Passed") -> 10 | C5: Passed: Kết quả thực tế đúng với kết quả mong đợi
A6: Failed | B6: =COUNTIF(H10:H237,"Failed") -> 0 | C6: Failed: Kết quả thực tế không đúng với kết quả mong đợi
A7: Skipped | B7: =COUNTIF(H10:H237,"Skipped") -> 0 | C7: Skipped: Bỏ qua case
A8: Test case Id | B8: Test case Title (Tên testcase) | C8: Pre-conditions (Điều kiện bắt buộc) | D8: Dữ liệu kiểm thử | E8: Test Steps (Các bước thực hiện) | F8: Expected result (Kết quả mong muốn) | G8: Priority | H8: Test Results | I8: BugID | J8: Notes
H9: EDGE
A10: TC_DN_001 | B10: Kiểm tra đăng nhập thành công với quyền admin | C10: Tài khoản Admin tồn tại trên hệ thống | D10: username: admin password: 123456 | E10: 1. Truy cập vào trang Đăng nhập 2. Nhập tên đăng nhập và mật khẩu 3. Kích vào nút "Đăng Nhập" | F10: Hệ thống báo đăng nhập thành công và điều hướng vào trang Dashboard dành cho Quản trị viên. | G10: High | H10: Passed
A11: TC_DN_002 | B11: Kiểm tra đăng nhập thành công với quyền độc giả | C11: Tài khoản Độc giả tồn tại trên hệ thống | D11: username: anngo password: 123456 | E11: 1. Truy cập vào trang Đăng nhập 2. Nhập tên đăng nhập và mật khẩu 3. Kích vào nút "Đăng Nhập" | F11: Hệ thống báo thành công và điều hướng vào Trang chủ dành cho Độc giả. | G11: High | H11: Passed
A12: TC_DN_003 | B12: Kiểm tra đăng nhập khi sai mật khẩu | D12: username: anngo password: 0 | E12: 1. Truy cập vào trang Đăng nhập 2. Nhập tên đăng nhập và mật khẩu 3. Kích vào nút "Đăng Nhập" | F12: Hệ thống thông báo sai tài khoản/mật khẩu và yêu cầu nhập lại. | G12: High | H12: Passed
A13: TC_DN_004 | B13: Kiểm tra đăng nhập khi sai tên đăng nhập | D13: username: 123 password: 123456 | E13: 1. Truy cập vào trang Đăng nhập 2. Nhập tên đăng nhập và mật khẩu 3. Kích vào nút "Đăng Nhập" | F13: Hệ thống thông báo sai tài khoản/mật khẩu và yêu cầu nhập lại. | G13: High | H13: Passed
A14: TC_DN_005 | B14: Kiểm tra đăng nhập bằng tài khoản không tồn tại | D14: username: 1 password: 1 | E14: 1. Truy cập vào trang Đăng nhập 2. Nhập tên đăng nhập và mật khẩu 3. Kích vào nút "Đăng Nhập" | F14: Hệ thống thông báo sai tài khoản/mật khẩu và yêu cầu nhập lại. | G14: Medium | H14: Passed
A15: TC_DN_006 | B15: Kiểm tra đăng nhập khi để trống tên đăng nhập | D15: username: password: 123456 | E15: 1. Truy cập vào trang Đăng nhập 2. Nhập tên đăng nhập và mật khẩu 3. Kích vào nút "Đăng Nhập" | F15: Hệ thống thông báo trường tên đăng nhập đang trống và yêu cầu nhập lại. | G15: Medium | H15: Passed
A16: TC_DN_007 | B16: Kiểm tra đăng nhập khi để trống mật khẩu | D16: username: anngo password: | E16: 1. Truy cập vào trang Đăng nhập 2. Nhập tên đăng nhập và mật khẩu 3. Kích vào nút "Đăng Nhập" | F16: Hệ thống thông báo trường mật khẩu đang trống và yêu cầu nhập lại. | G16: Medium | H16: Passed
A17: TC_DN_008 | B17: Kiểm tra đăng nhập khi để trống tên đăng nhập và mật khẩu | E17: 1. Truy cập vào trang Đăng nhập 2. Nhập tên đăng nhập và mật khẩu 3. Kích vào nút "Đăng Nhập" | F17: Hệ thống cảnh báo và yêu cầu nhập đầy đủ thông tin. | G17: Low | H17: Passed
A18: TC_DN_009 | B18: Kiểm tra điều hướng link Đăng ký | E18: 1. Truy cập vào trang Đăng nhập 2. Kích vào link "Đăng ký ngay" | F18: Chuyển hướng sang màn hình Đăng ký tài khoản. | G18: Low | H18: Passed
A19: TC_DN_010 | B19: Kiểm tra điều hướng link Quên mật khẩu | E19: 1. Truy cập vào trang Đăng nhập 2. Nhập tên đăng nhập và mật khẩu 3. Kích vào nút "Đăng Nhập" | F19: Chuyển hướng sang màn hình Khôi phục mật khẩu. | G19: Low | H19: Passed

Sheet Quản lý sách - Thêm mới sách
A1: Build Version
A2: TC
B3: Last Test Results | E3: Tester: Anh
A4: Total Test case | B4: =COUNTIFS(A10:A237,"TC*") -> 6
A5: Passed | B5: =COUNTIF(H10:H237,"Passed") -> 6 | C5: Passed: Kết quả thực tế đúng với kết quả mong đợi
A6: Failed | B6: 0 | C6: Failed: Kết quả thực tế không đúng với kết quả mong đợi
A7: Skipped | B7: =COUNTIF(H10:H237,"Skipped") -> 0 | C7: Skipped: Bỏ qua case
A8: Test case Id | B8: Test case Title (Tên testcase) | C8: Pre-conditions (Điều kiện bắt buộc) | D8: Dữ liệu kiểm thử | E8: Test Steps (Các bước thực hiện) | F8: Expected result (Kết quả mong muốn) | G8: Priority | H8: Test Results | I8: BugID | J8: Notes
H9: EDGE
A10: TC_QLS_001 | B10: Kiểm tra mở form thêm mới sách | C10: Đăng nhập Admin thành công. | E10: 1. Click vào nút "Thêm mới" | F10: Hệ thống hiển thị popup nhập thông tin cho sách mới | G10: High | H10: Passed
A11: TC_QLS_002 | B11: Kiểm tra thêm mới sách khi nhập đầy đủ thông tin các trường | C11: Đăng nhập Admin thành công. Đang mở form thêm mới sách. | D11: Tên sách: Những Ngôi Sao Xa Xôi Tác giả: Lê Minh Khuê Thể loại: Văn học Việt Nam Số lượng: 2 Độ tuổi: 12+ Nội dung tóm tắt: Những ngôi sao xa xôi" (1971) của Lê Minh Khuê là truyện ngắn xuất sắc về thế hệ trẻ thời kháng chiến chống Mỹ. Có thể bạn chưa biết: "Những ngôi sao xa xôi" được đưa vào tuyển tập các truyện ngắn hay nhất thế giới. | E11: 1. Tải lên một "Ảnh bìa sách" hợp lệ. 2. Nhập đầy đủ thông tin vào các trường bắt buộc. 3. Nhập thông tin vào các trường tùy chọn. 4. Click nút "Lưu". | F11: Hệ thống đóng form, hiển thị thông báo "Thêm sách thành công" và cập nhật đầu sách mới vào danh sách. | G11: High | H11: Passed
A12: TC_QLS_003 | B12: Kiểm tra thêm mới sách khi chỉ nhập thông tin các trường bắt buộc | C12: Đăng nhập Admin thành công. Đang mở form thêm mới sách. | D12: Tên sách: Những Ngôi Sao Xa Xôi Tác giả: Lê Minh Khuê Thể loại: Văn học Việt Nam Số lượng: 2 Nội dung tóm tắt: Những ngôi sao xa xôi" (1971) của Lê Minh Khuê là truyện ngắn xuất sắc về thế hệ trẻ thời kháng chiến chống Mỹ. | E12: 1. Nhập thông tin hợp lệ vào tất cả các trường có dấu * 2. Bỏ trống Ảnh bìa và các trường không có dấu * 3. Click nút "Lưu". | F12: Hệ thống đóng form, hiển thị thông báo "Thêm sách thành công" và cập nhật đầu sách mới vào danh sách. Các trường bị bỏ trống sẽ hiển thị giá trị mặc định. | G12: High | H12: Passed
A13: TC_QLS_004 | B13: Kiểm tra thêm mới sách khi bỏ trống các trường bắt buộc | C13: Đăng nhập Admin thành công. Đang mở form thêm mới sách. | E13: 1. Để trống một hoặc nhiều trường có dấu * (VD: Tên sách, Số lượng) 2. Click nút "Lưu". | F13: Hệ thống thông báo nhập đầy đủ các trường để trống. | G13: High | H13: Passed
A14: TC_QLS_005 | B14: Kiểm tra định dạng trường số lượng | C14: Đăng nhập Admin thành công. Đang mở form thêm mới sách. | D14: Chữ cái: abc Số âm: -5 Ký tự đặc biệt: $, %, & | E14: 1. Nhập chữ cái, ký tự đặc biệt hoặc số âm (VD: -5, abc) vào trường "Số lượng" 2. Click nút "Lưu". | F14: Hệ thống cảnh báo nhập số lượng chưa hợp lệ. | G14: Medium | H14: Passed
A15: TC_QLS_006 | B15: Kiểm tra hủy thêm mới sách | C15: Đăng nhập Admin thành công. Đang mở form thêm mới sách. | E15: 1. Nhập thông tin 2. Click nút "Hủy" | F15: Form đóng lại, các thông tin vừa nhập không được lưu, danh sách sách không thay đổi. | G15: Medium | H15: Passed

Sheet Quản lý sách - Chỉnh sửa sách
A1: Build Version
A2: TC
B3: Last Test Results | E3: Tester: Anh
A4: Total Test case | B4: =COUNTIFS(A10:A237,"TC*") -> 6
A5: Passed | B5: =COUNTIF(H10:H237,"Passed") -> 6 | C5: Passed: Kết quả thực tế đúng với kết quả mong đợi
A6: Failed | B6: 0 | C6: Failed: Kết quả thực tế không đúng với kết quả mong đợi
A7: Skipped | B7: =COUNTIF(H10:H237,"Skipped") -> 0 | C7: Skipped: Bỏ qua case
A8: Test case Id | B8: Test case Title (Tên testcase) | C8: Pre-conditions (Điều kiện bắt buộc) | D8: Dữ liệu kiểm thử | E8: Test Steps (Các bước thực hiện) | F8: Expected result (Kết quả mong muốn) | G8: Priority | H8: Test Results | I8: BugID | J8: Notes
H9: EDGE
A10: TC_QLS_007 | B10: Kiểm tra mở form chỉnh sửa sách | C10: Đăng nhập Admin thành công. | E10: 1. Tại màn "Kho sách", click vào icon "Chỉnh sửa" của một cuốn sách. | F10: Hệ thống hiển thị popup chỉnh sửa sách | G10: High | H10: Passed
A11: TC_QLS_008 | B11: Kiểm tra hiển thị dữ liệu mặc định | C11: Đăng nhập Admin thành công. Đang mở form chỉnh sửa sách. | E11: 1. Tại màn hình popup chỉnh sửa sách | F11: Form "Chỉnh Sửa Sách" hiển thị. Tất cả các trường thông tin (Ảnh bìa, Tên sách, Tác giả, Thể loại, Số lượng, Độ tuổi, Tóm tắt, Sự thật thú vị) đều được điền sẵn dữ liệu hiện tại của cuốn sách đó. | G11: High | H11: Passed
A12: TC_QLS_009 | B12: Kiểm tra cập nhật thông tin thành công | C12: Đăng nhập Admin thành công. Đang mở form chỉnh sửa sách. | D12: Tên sách: Những Ngôi Sao Xa Xôi Tác giả: Lê Minh Khuê Thể loại: Văn học Việt Nam Số lượng: 2 Nội dung tóm tắt: Những ngôi sao xa xôi" (1971) của Lê Minh Khuê là truyện ngắn xuất sắc về thế hệ trẻ thời kháng chiến chống Mỹ. | E12: 1. Thay đổi dữ liệu ở một hoặc nhiều trường 2. Nhấn “Cập nhật” | F12: Form đóng lại, hiển thị thông báo "Cập nhật sách thành công". Dữ liệu mới được cập nhật ngay trên bảng danh sách sách. | G12: High | H12: Passed
A13: TC_QLS_010 | B13: Kiểm tra cập nhật thông tin khi bỏ trống trường bắt buộc | C13: Đăng nhập Admin thành công. Đang mở form chỉnh sửa sách. | E13: 1. Bỏ trống dữ liệu ở một hoặc nhiều trường bắt buộc. 2. Nhấn “Cập nhật” | F13: Hệ thống cảnh báo nhập đầy đủ các trường bỏ trống. | G13: High | H13: Passed
A14: TC_QLS_011 | B14: Kiểm tra cập nhật thống tin khi nhập thông tin không hợp lệ | C14: Đăng nhập Admin thành công. Đang mở form chỉnh sửa sách. | E14: 1. Nhập dữ liệu không hợp lệ vào một hoặc nhiều trường. 2. Nhấn “Cập nhật” | F14: Hệ thống cảnh báo nhập dữ liệu hợp lệ, | G14: Medium | H14: Passed
A15: TC_QLS_012 | B15: Kiểm tra hủy chỉnh sửa sách | C15: Đăng nhập Admin thành công. Đang mở form chỉnh sửa sách. | E15: 1. Click nút "Hủy" | F15: Form đóng lại, các thông tin vừa nhập không được lưu, danh sách sách không thay đổi. | G15: Medium | H15: Passed

Sheet Quản lý sách - Xóa, tìm kiếm 
A1: Build Version
A2: TC
B3: Last Test Results | E3: Tester: Anh
A4: Total Test case | B4: =COUNTIFS(A10:A237,"TC*") -> 5
A5: Passed | B5: =COUNTIF(H10:H237,"Passed") -> 5 | C5: Passed: Kết quả thực tế đúng với kết quả mong đợi
A6: Failed | B6: =COUNTIF(H10:H237,"Failed") -> 0 | C6: Failed: Kết quả thực tế không đúng với kết quả mong đợi
A7: Skipped | B7: =COUNTIF(H10:H237,"Skipped") -> 0 | C7: Skipped: Bỏ qua case
A8: Test case Id | B8: Test case Title (Tên testcase) | C8: Pre-conditions (Điều kiện bắt buộc) | D8: Dữ liệu kiểm thử | E8: Test Steps (Các bước thực hiện) | F8: Expected result (Kết quả mong muốn) | G8: Priority | H8: Test Results | I8: BugID | J8: Notes
H9: EDGE
A10: TC_QLS_013 | B10: Kiểm tra nút xóa | C10: Đăng nhập Admin thành công. Đang ở màn hình quản lý sách. | E10: 1. Nhấn vào biểu tượng “Xóa” trên một sách | F10: Hiển thị popup xác nhận xóa. | G10: High | H10: Passed
A11: TC_QLS_014 | B11: Kiểm tra xác nhận xóa sách. | C11: Đăng nhập Admin thành công. Đang ở màn hình quản lý sách. | E11: 1. Nhấn “Xóa ngay” trên popup xác nhận xóa | F11: Popup đóng lại, hệ thống hiển thị thông báo "Xóa sách thành công". Dòng chứa cuốn sách đó biến mất hoàn toàn khỏi bảng danh sách. | G11: High | H11: Passed
A12: TC_QLS_015 | B12: Kiểm tra hủy xóa sách | C12: Đăng nhập Admin thành công. Đang ở màn hình quản lý sách. | E12: 1. Nhấn “Hủy bỏ” trên popup xác nhận xóa | F12: Popup xác nhận xóa đóng lại. Hệ thống hủy thao tác xóa, bản ghi sách vẫn được giữ nguyên hiển thị trên danh sách. | G12: High | H12: Passed
A13: TC_QLS_016 | B13: Kiểm tra tìm kiếm sách có kết quả | C13: Đăng nhập Admin thành công. Đang ở màn hình quản lý sách. | D13: Số đỏ | E13: 1. Nhập từ khóa tồn tại | F13: Hiển thị các sách đúng với tìm kiếm | G13: Medium | H13: Passed
A14: TC_QLS_017 | B14: Kiểm tra tìm kiếm sách không có kết quả | C14: Đăng nhập Admin thành công. Đang ở màn hình quản lý sách. | D14: ABC | E14: 1. Nhập từ khóa không tồn tại | F14: Hiển thị danh sách trống | G14: Medium | H14: Passed

Sheet Quản lý mượn, trả
A1: Build Version
A2: TC
B3: Last Test Results | E3: Tester: Anh
A4: Total Test case | B4: =COUNTIFS(A10:A237,"TC*") -> 9
A5: Passed | B5: =COUNTIF(H10:H237,"Passed") -> 9 | C5: Passed: Kết quả thực tế đúng với kết quả mong đợi
A6: Failed | B6: 0 | C6: Failed: Kết quả thực tế không đúng với kết quả mong đợi
A7: Skipped | B7: =COUNTIF(H10:H237,"Skipped") -> 0 | C7: Skipped: Bỏ qua case
A8: Test case Id | B8: Test case Title (Tên testcase) | C8: Pre-conditions (Điều kiện bắt buộc) | D8: Dữ liệu kiểm thử | E8: Test Steps (Các bước thực hiện) | F8: Expected result (Kết quả mong muốn) | G8: Priority | H8: Test Results | I8: BugID | J8: Notes
H9: EDGE
A10: TC_MT_001 | B10: Kiểm tra nhắc nhở trả sách đến hạn | C10: Đăng nhập Admin thành công. Mở màn quản lý mượn/trả. | E10: 1. Nhấn vào biểu tượng “Chuông” trên một giao dịch đến hạn. | F10: Hệ thống hiển thị popup xác nhận Gửi nhắc nhở. | G10: High | H10: Passed
A11: TC_MT_002 | B11: Kiểm tra xác nhận nhắc nhở trả sách | C11: Đăng nhập Admin thành công. Mở màn quản lý mượn/trả. | E11: 1. Nhấn “Gửi ngay” trên popup xác nhận | F11: Hệ thống báo gửi lời nhắc thành công, đóng popup và disable Chuông nhắc nhở. | G11: High | H11: Passed
A12: TC_MT_003 | B12: Kiểm tra Hủy nhắc trả sách | C12: Đăng nhập Admin thành công. Mở màn quản lý mượn/trả. | E12: 1. Nhấn “Hủy” trên popup. | F12: Hệ thống đóng popup và vẫn enable nút Chuông. | G12: High | H12: Passed
A13: TC_MT_004 | B13: Kiểm tra thu sách | C13: Đăng nhập Admin thành công. Mở màn quản lý mượn/trả. | E13: 1. Nhấn “Thu” trên một dòng giao dịch | F13: Hệ thống hiển thị popup xác nhận thu hồi sách. | G13: High | H13: Passed
A14: TC_MT_005 | B14: Kiểm tra xác nhận thu hồi sách | C14: Đăng nhập Admin thành công. Mở màn quản lý mượn/trả. | E14: 1. Nhấn “Xác nhận” trên popup xác nhận. | F14: Đóng popup, thông báo đã thu hồi sách, phần thao tác hiện. nút “Xóa”. | G14: Medium | H14: Passed
A15: TC_MT_006 | B15: Kiểm tra hủy thu hồi sách | C15: Đăng nhập Admin thành công. Mở màn quản lý mượn/trả. | E15: 1. Nhấn “Chưa” trên popup | F15: Đóng popup và vẫn enable nút “Thu”. | G15: Medium | H15: Passed
A16: TC_MT_007 | B16: Kiểm tra xóa giao dịch đã trả sách | C16: Đăng nhập Admin thành công. Mở màn quản lý mượn/trả. | E16: 1. Nhấn “Xóa” trên một dòng giao dịch | F16: Hiển thị popup xác nhận xóa vĩnh viễn giao dịch. | G16: Medium | H16: Passed
A17: TC_MT_008 | B17: Kiểm tra xác nhận xóa giao dịch | C17: Đăng nhập Admin thành công. Mở màn quản lý mượn/trả. | E17: 1. Nhấn “Xác nhận” trên popup xác nhận | F17: Đóng popup, hiển thị thông báo xóa thành công. Cập nhật lại danh sách giao dịch. | G17: Medium | H17: Passed
A18: TC_MT_009 | B18: Kiểm tra hủy xóa giao dịch | C18: Đăng nhập Admin thành công. Mở màn quản lý mượn/trả. | E18: 1. Nhấn “Hủy” trên popup xác nhận | F18: Đóng popup giữ nguyên giao dịch trên danh sách. | G18: Medium | H18: Passed

Sheet Mượn sách
A1: Build Version
A2: TC
B3: Last Test Results | E3: Tester: Anh
A4: Total Test case | B4: =COUNTIFS(A10:A237,"TC*") -> 8
A5: Passed | B5: =COUNTIF(H10:H237,"Passed") -> 8 | C5: Passed: Kết quả thực tế đúng với kết quả mong đợi
A6: Failed | B6: 0 | C6: Failed: Kết quả thực tế không đúng với kết quả mong đợi
A7: Skipped | B7: =COUNTIF(H10:H237,"Skipped") -> 0 | C7: Skipped: Bỏ qua case
A8: Test case Id | B8: Test case Title (Tên testcase) | C8: Pre-conditions (Điều kiện bắt buộc) | D8: Dữ liệu kiểm thử | E8: Test Steps (Các bước thực hiện) | F8: Expected result (Kết quả mong muốn) | G8: Priority | H8: Test Results | I8: BugID | J8: Notes
H9: EDGE
A10: TC_MS_001 | B10: Kiểm tra chuyển sang màn hình xác nhận thành công | C10: Đang ở màn hình nhập thông tin mượn | D10: Ngày mượn: 15/04/2026 Ngày trả: 20/04/2026 Số lượng: 1 | E10: 1. Nhập đầy đủ thông tin mượn. 2. Nhấn nút "Mượn ngay". | F10: Hệ thống chuyển sang màn hình xác nhận mượn sách. | G10: High | H10: Passed
A11: TC_MS_002 | B11: Kiểm tra khi nhập thông tin mượn không hợp lệ | C11: Đang ở màn hình nhập thông tin mượn | E11: 1. Nhập thông tin mượn không hợp lệ. 2. Nhấn nút "Mượn ngay". | F11: Hệ thống hiển thị thông báo lỗi và yêu cầu người dùng nhập lại. | G11: High | H11: Passed
A12: TC_MS_003 | B12: Kiểm tra nhấn Mượn ngay | C12: Đang ở màn hình nhập thông tin mượn | E12: 1. Nhập đầy đủ thông tin mượn. 2. Nhấn nút "Mượn ngay". | F12: Hệ thống hiển thị popup xác nhận mượn sách. | G12: High | H12: Passed
A13: TC_MS_004 | B13: Kiểm tra hủy nhập thông tin | C13: Đang ở màn hình xác nhận mượn | E13: 1. Kích vào biểu tượng "X". | F13: Đóng form thiết lập, hủy thao tác và quay lại màn hình chi tiết sách. | G13: Medium | H13: Passed
A14: TC_MS_005 | B14: Kiểm tra xác nhận mượn thành công | C14: Đang ở màn hình xác nhận mượn | E14: 1. Tích vào ô xác nhận tuân thủ quy định thư viện. 2. Nhấn nút "Xác nhận". | F14: Hệ thống hiển thị thông báo mượn thành công, thông tin được cập nhật vào CSDL và quay về màn hình trước đó. | G14: Medium | H14: Passed
A15: TC_MS_006 | B15: Kiểm tra mượn sách khi chưa đồng ý quy định thư viện | C15: Đang ở màn hình xác nhận mượn | E15: 1. Để trống ô xác nhận tuân thủ quy định thư viện. 2. Nhấn nút "Xác nhận". | F15: Hệ thống cảnh báo phải tích chọn tuân thủ quy định thư viện. | G15: Medium | H15: Passed
A16: TC_MS_007 | B16: Kiểm tra hủy xác nhận mượn sách | C16: Đang ở màn hình xác nhận mượn | E16: 1. Nhấn nút "Quay lại" trên màn hình xác nhận. | F16: Hệ thống quay trở lại màn hình thiết lập phiếu mượn. | G16: Medium | H16: Passed
A17: TC_MS_008 | B17: Kiểm tra xem nội quy thư viện | C17: Đang ở màn hình xác nhận mượn | E17: 1. Nhấn “Xác nhận” trên popup xác nhận | F17: Hiển thị popup nội dung quy định. | G17: Medium | H17: Passed

Sheet Test report
A1: Test case | B1: Tổng test case | C1: Passed | D1: Failed | E1: Skipped | F1: Tỉ lệ passed
A2: Đăng nhập | B2: =COUNTIF('Đăng nhập'!A:A, "TC_*") -> 10 | C2: =COUNTIF('Đăng nhập'!H:H, "*Passed*") -> 10 | D2: =COUNTIF('Đăng nhập'!H:H, "*Failed*") -> 0 | E2: =COUNTIF('Đăng nhập'!H:H, "*Skipped*") -> 0 | F2: =IF(B2=0, 0, C2/B2) -> 1
A3: Quản lý sách - Thêm mới sách | B3: =COUNTIF('Quản lý sách - Thêm mới sách'!A:A, "TC_*") -> 6 | C3: =COUNTIF('Quản lý sách - Thêm mới sách'!H:H, "*Passed*") -> 6 | D3: =COUNTIF('Quản lý sách - Thêm mới sách'!H:H, "*Failed*") -> 0 | E3: =COUNTIF('Quản lý sách - Thêm mới sách'!H:H, "*Skipped*") -> 0 | F3: =IF(B3=0, 0, C3/B3) -> 1
A4: Quản lý sách - Chỉnh sửa sách | B4: =COUNTIF('Quản lý sách - Chỉnh sửa sách'!A:A, "TC_*") -> 6 | C4: =COUNTIF('Quản lý sách - Chỉnh sửa sách'!H:H, "*Passed*") -> 6 | D4: =COUNTIF('Quản lý sách - Chỉnh sửa sách'!H:H, "*Failed*") -> 0 | E4: =COUNTIF('Quản lý sách - Chỉnh sửa sách'!H:H, "*Skipped*") -> 0 | F4: =IF(B4=0, 0, C4/B4) -> 1
A5: Quản lý sách - Xóa, tìm kiếm | B5: =COUNTIF('Quản lý sách - Xóa, tìm kiếm '!A:A, "TC_*") -> 5 | C5: =COUNTIF('Quản lý sách - Xóa, tìm kiếm '!H:H, "*Passed*") -> 5 | D5: =COUNTIF('Quản lý sách - Xóa, tìm kiếm '!H:H, "*Failed*") -> 0 | E5: =COUNTIF('Quản lý sách - Xóa, tìm kiếm '!H:H, "*Skipped*") -> 0 | F5: =IF(B5=0, 0, C5/B5) -> 1
A6: Quản lý mượn, trả | B6: =COUNTIF('Quản lý mượn, trả'!A:A, "TC_*") -> 9 | C6: =COUNTIF('Quản lý mượn, trả'!H:H, "*Passed*") -> 9 | D6: =COUNTIF('Quản lý mượn, trả'!H:H, "*Failed*") -> 0 | E6: =COUNTIF('Quản lý mượn, trả'!H:H, "*Skipped*") -> 0 | F6: =IF(B6=0, 0, C6/B6) -> 1
A7: Mượn sách | B7: =COUNTIF('Mượn sách'!A:A, "TC_*") -> 8 | C7: =COUNTIF('Mượn sách'!H:H, "*Passed*") -> 8 | D7: =COUNTIF('Mượn sách'!H:H, "*Failed*") -> 0 | E7: =COUNTIF('Mượn sách'!H:H, "*Skipped*") -> 0 | F7: =IF(B7=0, 0, C7/B7) -> 1
A8: Tổng | B8: =SUM(B2:B7) -> 44 | C8: =SUM(C2:C7) -> 44 | D8: =SUM(D2:D7) -> 0 | E8: =SUM(E2:E7) -> 0 | F8: =IF(B8=0, 0, C8/B8) -> 1
